Year,State,Total Arrivals
1991,NSW,1927020
1991,VIC,894300
1991,QLD,922190
1991,SA,173940
1991,WA,451030
1991,TAS,35080
1991,NT,41930
1991,ACT,73520
1992,NSW,2108220
1992,VIC,929760
1992,QLD,1041740
1992,SA,179230
1992,WA,485500
1992,TAS,43280
1992,NT,43710
1992,ACT,73650
1993,NSW,2325890
1993,VIC,950670
1993,QLD,1199890
1993,SA,188750
1993,WA,546870
1993,TAS,45930
1993,NT,47110
1993,ACT,71700
1994,NSW,2523680
1994,VIC,1018140
1994,QLD,1326540
1994,SA,190530
1994,WA,641410
1994,TAS,44380
1994,NT,67870
1994,ACT,73640
1995,NSW,2736800
1995,VIC,1109830
1995,QLD,1509080
1995,SA,206420
1995,WA,668560
1995,TAS,51230
1995,NT,74060
1995,ACT,84550
1996,NSW,2993990
1996,VIC,1228620
1996,QLD,1727520
1996,SA,217790
1996,WA,735190
1996,TAS,47450
1996,NT,76320
1996,ACT,88220
1997,NSW,3048050
1997,VIC,1351870
1997,QLD,1806440
1997,SA,239730
1997,WA,793120
1997,TAS,57030
1997,NT,82400
1997,ACT,89960
1998,NSW,3093530
1998,VIC,1437190
1998,QLD,1735770
1998,SA,241020
1998,WA,829640
1998,TAS,53910
1998,NT,81970
1998,ACT,90360
1999,NSW,3236290
1999,VIC,1490600
1999,QLD,1846550
1999,SA,276670
1999,WA,858190
1999,TAS,54800
1999,NT,96000
1999,ACT,101760
2000,NSW,3666580
2000,VIC,1642070
2000,QLD,1891480
2000,SA,294350
2000,WA,893530
2000,TAS,63570
2000,NT,100520
2000,ACT,113730
2001,NSW,3528620
2001,VIC,1711110
2001,QLD,1943240
2001,SA,289310
2001,WA,898000
2001,TAS,64310
2001,NT,102300
2001,ACT,115560
2002,NSW,3451670
2002,VIC,1747280
2002,QLD,1944870
2002,SA,278190
2002,WA,900730
2002,TAS,63530
2002,NT,91430
2002,ACT,119080
2003,NSW,3383440
2003,VIC,1711730
2003,QLD,1946950
2003,SA,269590
2003,WA,889560
2003,TAS,67050
2003,NT,76790
2003,ACT,118730
2004,NSW,3871670
2004,VIC,2047970
2004,QLD,2326820
2004,SA,335530
2004,WA,1016820
2004,TAS,81090
2004,NT,87180
2004,ACT,139370
2005,NSW,4166910
2005,VIC,2221670
2005,QLD,2468340
2005,SA,370720
2005,WA,1119350
2005,TAS,83870
2005,NT,91600
2005,ACT,143380
2006,NSW,4207150
2006,VIC,2305680
2006,QLD,2515520
2006,SA,396540
2006,WA,1143100
2006,TAS,88880
2006,NT,98960
2006,ACT,154550
2007,NSW,4415700
2007,VIC,2467060
2007,QLD,2615990
2007,SA,427370
2007,WA,1314340
2007,TAS,91300
2007,NT,115320
2007,ACT,166520
2008,NSW,4547440
2008,VIC,2607850
2008,QLD,2679920
2008,SA,449130
2008,WA,1410620
2008,TAS,104190
2008,NT,134790
2008,ACT,180410
2009,NSW,4594710
2009,VIC,2763110
2009,QLD,2682410
2009,SA,470990
2009,WA,1542430
2009,TAS,111900
2009,NT,140620
2009,ACT,188340
2010,NSW,4957010
2010,VIC,3089630
2010,QLD,2828450
2010,SA,506000
2010,WA,1734940
2010,TAS,112050
2010,NT,138240
2010,ACT,206340
2011,NSW,5187790
2011,VIC,3372710
2011,QLD,2876470
2011,SA,531190
2011,WA,1871870
2011,TAS,118100
2011,NT,159240
2011,ACT,207680
2012,NSW,5338740
2012,VIC,3586270
2012,QLD,3053970
2012,SA,576330
2012,WA,2018450
2012,TAS,125600
2012,NT,180390
2012,ACT,240710
2013,NSW,5664710
2013,VIC,3791750
2013,QLD,3163390
2013,SA,623060
2013,WA,2140140
2013,TAS,136010
2013,NT,190180
2013,ACT,236920
2014,NSW,5955910
2014,VIC,4056220
2014,QLD,3226300
2014,SA,682640
2014,WA,2257160
2014,TAS,140310
2014,NT,210580
2014,ACT,243100
2015,NSW,6277280
2015,VIC,4430370
2015,QLD,3390310
2015,SA,672300
2015,WA,2217850
2015,TAS,142590
2015,NT,195050
2015,ACT,254140
2016,NSW,6836150
2016,VIC,4850900
2016,QLD,3648510
2016,SA,708780
2016,WA,2325640
2016,TAS,158970
2016,NT,194940
2016,ACT,265590
2017,NSW,7338750
2017,VIC,5175590
2017,QLD,3836060
2017,SA,750760
2017,WA,2316060
2017,TAS,183110
2017,NT,225500
2017,ACT,300660
2018,NSW,7573530
2018,VIC,5609080
2018,QLD,4113360
2018,SA,793490
2018,WA,2323300
2018,TAS,208380
2018,NT,174870
2018,ACT,340900
2019,NSW,7605660
2019,VIC,5872270
2019,QLD,4199590
2019,SA,832940
2019,WA,2362340
2019,TAS,221830
2019,NT,180610
2019,ACT,341340
2020,NSW,1752140
2020,VIC,1326320
2020,QLD,936220
2020,SA,188100
2020,WA,574130
2020,TAS,51040
2020,NT,38580
2020,ACT,82040
2021,NSW,360440
2021,VIC,180620
2021,QLD,123260
2021,SA,21670
2021,WA,48280
2021,TAS,8510
2021,NT,7600
2021,ACT,14540
2022,NSW,3501010
2022,VIC,2727900
2022,QLD,1763220
2022,SA,367390
2022,WA,1003290
2022,TAS,98220
2022,NT,69450
2022,ACT,178300
2023,NSW,6478160
2023,VIC,4956700
2023,QLD,3414620
2023,SA,723970
2023,WA,2064060
2023,TAS,184260
2023,NT,120420
2023,ACT,309530
2024,NSW,7307410
2024,VIC,5649950
2024,QLD,4065520
2024,SA,805760
2024,WA,2462980
2024,TAS,202500
2024,NT,137640
2024,ACT,341130
2025,NSW,4451450
2025,VIC,3525010
2025,QLD,2521730
2025,SA,506080
2025,WA,1611220
2025,TAS,128630
2025,NT,94680
2025,ACT,211630
